admin,123
admin,123
long,1
hoang,1
admin,123
long,1
hoang,1
hieu,1
admin,123
admin,123
admin,123
long,1
admin,123
long,1
hoang,1
admin,123
long,1
hieu,1
admin,123
admin,123
long,1
admin,123
long,1
hoang,1
admin,123
long,1
hoang,1
hieu,1
admin,123
admin,123
admin,123
long,1
admin,123
long,1
hoang,1
admin,123
long,1
hieu,1
admin,123
admin,123
admin,123
long,1
admin,123
long,1
hoang,1
admin,123
long,1
hoang,1
hieu,1
admin,123
admin,123
admin,123
long,1
admin,123
long,1
hoang,1
admin,123
hieu,1
admin,123
admin,123
long,1
admin,123
long,1
hoang,1
admin,123
long,1
hoang,1
hieu,1
admin,123
admin,123
admin,123
long,1
admin,123
long,1
